level_0,index,a,b,c,d,label
0,0,0.6693351451873554,95.0,,MT,0
1,1,1.0472169605475927,-1.0,I,Z,0
2,2,1.6612451130725432,-43.0,III,F,0
3,3,0.3774489005162857,44.0,IV,Z,0
4,4,0.5077565491568788,81.0,VII,MT,0
5,5,7.0718603661135955,,IV,FI,0
6,6,0.4036230493439516,25.0,IV,Z,0
7,7,2.827980818488774,-58.0,IV,T,1
8,8,6.521888018496617,,IV,Z,1
9,9,0.9944766253968857,41.0,VI,F,0
10,10,1.5378239566780025,-25.0,IV,FI,0
11,11,0.6481442248195454,89.0,IV,T,0
12,12,0.844189027722472,100.0,IV,T,0
13,13,2.159245918014125,71.0,I,O,1
14,14,2.494772645181746,-46.0,III,F,0
15,15,2.144090258617233,59.0,I,T,1
16,16,1.935106963420715,73.0,IV,Z,0
17,17,1.0327729836310635,37.0,V,FI,0
18,18,1.1683316199791405,92.0,VII,O,1
19,19,1.221787168028182,1.0,VII,MT,1
20,20,2.059487677160183,64.0,II,F,1
21,21,1.0563366953973452,6.0,VII,MT,1
22,22,0.7572782957461359,92.0,IV,Z,0
23,23,4.306443564569947,,VI,MT,1
24,24,7.445429451901507,,VII,MT,1
25,25,1.2215992229003343,-18.0,VII,MT,1
26,26,0.3994140189498944,10.0,VII,MT,0
27,27,7.0173168379838415,,VI,TH,0
28,28,7.427685089385924,,V,MO,1
29,29,3.5223642704967637,-44.0,X,O,1
30,30,2.2190346874758133,-56.0,IV,Z,1
31,31,2.3530150475317324,61.0,VI,TH,1
32,32,2.271905894645151,56.0,X,Z,0
33,33,0.44242663705996743,62.0,IV,FI,1
34,34,1.1527717600608267,-2.0,IV,FI,0
35,35,0.406843830331383,52.0,VI,MT,0
36,36,2.22338801417365,57.0,III,FI,1
37,37,1.4785153685320438,93.0,IV,FI,1
38,38,1.527709898226067,92.0,VII,O,1
39,39,2.921260308378415,10.0,III,F,1
40,40,5.949755232988695,,VI,MT,1
41,41,1.8078800755688256,-34.0,V,MO,1
42,42,1.6688403899733721,80.0,V,F,1
43,43,0.47576257867673605,62.0,IV,FI,1
44,44,0.5734452137783056,88.0,VI,MT,0
45,45,3.3763493420251196,-41.0,X,Z,1
46,46,3.0890955975938046,-55.0,IV,FI,0
47,47,0.4065518671055341,6.0,I,O,1
48,48,0.3852538520740122,1.0,V,MO,0
49,49,0.3641912516971965,24.0,IV,FI,1
50,50,1.4329990372097188,-22.0,II,F,0
51,51,1.226032210561766,1.0,V,MO,1
52,52,0.8746008909841356,99.0,IX,MO,0
53,53,2.6617443091693387,3.0,I,T,1
54,54,1.232217602274799,6.0,X,Z,1
55,55,1.6681048243220469,-38.0,III,F,0
56,56,1.3004066869051907,98.0,VII,Z,1
57,57,2.1337144461155715,-40.0,I,O,0
58,58,0.3719976252985841,-6.0,XI,T,0
59,59,0.4840476362064897,63.0,VI,MT,0
60,60,0.8891540337216087,104.0,,MT,0
61,61,0.9525667285743908,103.0,VII,T,1
62,62,6.359632011355642,,I,O,0
63,63,0.9970766921645555,8.0,IV,FI,0
64,64,1.294846082248488,-8.0,VII,T,0
65,65,2.6781925893086638,31.0,IV,FI,1
66,66,0.4836483500337068,67.0,V,FI,1
67,67,6.626057911217415,,III,FI,0
68,68,2.714631089851,-46.0,,MT,1
69,69,0.47313272178640003,56.0,IV,FI,1
70,70,0.4232049960137273,39.0,,MT,0
71,71,1.3222819669788353,105.0,I,Z,1
72,72,2.593788644557714,0.0,IX,MO,0
73,73,0.37203023610701347,16.0,IV,T,0
74,74,4.227733067686345,,VI,MT,1
75,75,5.24280080023563,,IV,FI,0
76,76,1.2448189515565815,92.0,IX,MT,0
77,77,6.308906473919426,,IV,Z,1
78,78,4.894818831810044,,VI,TH,0
79,79,1.2327520716642975,100.0,I,T,1
80,80,1.4656140349157347,92.0,II,F,1
81,81,3.3279440031792946,-47.0,IX,MO,1
82,82,1.2021893595365722,3.0,IV,Z,1
83,83,0.3648736127955751,10.0,X,MO,0
84,84,7.081421479165137,,I,O,0
85,85,1.3762317496638379,-8.0,VI,F,0
86,86,7.13529235105145,,I,O,0
87,87,1.5730049689516243,92.0,X,Z,0
88,88,0.6456795343594033,92.0,III,FI,1
89,89,1.4092591349421435,-9.0,I,Z,0
90,90,0.45765219007946095,65.0,VI,TH,1
91,91,0.839750848539295,97.0,VII,MT,0
92,92,0.5721151869368164,83.0,VII,T,1
93,93,1.3538356456584035,-28.0,VI,TH,0
94,94,2.8116781264886264,3.0,I,T,1
95,95,2.3724211519124485,46.0,,MT,0
96,96,2.813944701395485,16.0,VI,TH,1
97,97,4.602202539780045,,IV,FI,0
98,98,2.701571157843989,-47.0,II,F,0
99,99,0.7208701708716907,95.0,IV,Z,0
100,100,7.437628758361159,,VII,MT,1
101,101,6.766618429906565,,VII,O,0
102,102,1.6893463864651508,91.0,IV,Z,0
103,103,6.782930649692958,,V,MO,1
104,104,6.8272971397481035,,VII,O,0
105,105,4.769566664800144,,I,O,0
106,106,2.3767997787182034,52.0,VI,F,1
107,107,0.41210421352369686,58.0,IV,FI,1
108,108,1.6876354834402312,83.0,I,O,1
109,109,6.7743162938448425,,IX,MO,1
110,110,2.414443173922427,27.0,VII,T,1
111,111,5.699662275442398,,III,F,0
112,112,0.6525937802975905,88.0,V,MT,0
113,113,1.9766805844557729,81.0,X,O,0
114,114,1.33967612254762,-18.0,VII,O,0
115,115,0.48473923004643876,70.0,IV,FI,1
116,116,2.8713056603338654,-2.0,V,MO,0
117,117,1.2310765053329245,-15.0,X,T,1
118,118,0.44191856702173427,42.0,VII,MT,0
119,119,1.0512067710868642,29.0,IV,O,1
120,120,1.90645363814712,76.0,X,T,0
121,121,1.3707805015859786,90.0,III,F,1
122,122,2.3534968172675255,48.0,III,FI,1
123,123,5.721200556562588,,VI,TH,0
124,124,0.3720786430703923,47.0,IV,T,0
125,125,0.47512056784833806,72.0,IV,Z,0
126,126,3.374824680653641,-40.0,VII,Z,0
127,127,0.65954541903514,98.0,IV,T,0
128,128,0.5223613671173148,65.0,V,MO,0
129,129,1.527619530113961,-33.0,III,FI,0
130,130,6.107572809155034,,VI,MT,1
131,131,6.4246024330576414,,X,Z,1
132,132,2.221744071856397,61.0,V,FI,1
133,133,0.3868713733199652,1.0,I,T,1
134,134,2.001877287999461,76.0,VI,TH,1
135,135,1.4665438950829306,92.0,VII,MT,0
136,136,2.006478215445653,79.0,IV,FI,1
137,137,4.324158096158327,,VI,TH,0
138,138,0.6352692217059446,81.0,I,O,1
139,139,2.1723592995727836,53.0,VI,MT,0
140,140,0.9912019631053733,30.0,I,O,0
141,141,1.2102671968458079,-5.0,V,F,0
142,142,2.2338106098533754,55.0,X,T,0
143,143,0.5713341299912603,86.0,IV,FI,1
144,144,2.6897825140189564,35.0,V,F,1
145,145,1.8905053416127107,-45.0,V,F,0
146,146,1.0468724641282132,32.0,IV,T,1
147,147,1.975933706680549,68.0,VII,Z,1
148,148,7.685927528451147,,IV,FI,0
149,149,7.569022192673183,,VI,TH,0
150,150,0.9150026065541931,99.0,V,MO,0
151,151,4.247428480879064,,IV,Z,1
152,152,7.165815941472567,,I,O,0
153,153,2.537406071920045,-53.0,VI,TH,0
154,154,0.38905292169758804,25.0,IV,Z,0
155,155,1.5466549675140175,-30.0,V,MO,1
156,156,0.41112027638730597,42.0,I,Z,1
157,157,1.7845523920369817,77.0,II,F,1
158,158,0.4603814406690349,44.0,V,F,1
159,159,7.189509975368413,,VI,MT,1
160,160,5.728242004396987,,VI,T,0
161,161,0.3712046311686244,22.0,V,F,1
162,162,1.3022588192878342,-25.0,IV,Z,1
163,163,2.209001955225767,-50.0,V,FI,0
164,164,4.8671608024181,,VII,MT,1
165,165,7.051742340398942,,V,F,0
166,166,2.3802497216125067,53.0,I,Z,1
167,167,2.4651046560747383,-53.0,IV,Z,1
168,168,6.114094946812198,,I,O,0
169,169,0.5956753056284306,91.0,VI,MT,0
170,170,7.341107118752657,,VII,O,0
171,171,5.800451483001774,,IV,Z,1
172,172,1.072617307985401,18.0,V,MO,1
173,173,2.7696217701624146,-50.0,III,F,0
174,174,2.490234400490222,16.0,I,Z,1
175,175,2.4561649783462958,35.0,IX,MO,0
176,176,7.205024755409973,,X,T,1
177,177,1.2189255674709298,1.0,V,F,0
178,178,1.1489441597960304,93.0,II,F,1
179,179,2.8561588352979745,16.0,V,FI,1
180,180,8.1666979811549,,I,Z,0
181,181,2.5432884360454757,27.0,I,O,1
182,182,5.132230340778321,,II,TH,0
183,183,1.0655329154476523,98.0,VII,MT,0
184,184,3.4224791776624164,-38.0,VII,T,0
185,185,4.062591172521611,,I,T,0
186,186,2.358642085711802,-42.0,IV,O,1
187,187,1.4767404295267703,91.0,X,Z,0
188,188,7.486244358467246,,V,FI,0
189,189,0.7936756408805877,96.0,IV,Z,0
190,190,0.44971051989676414,64.0,V,MO,0
191,191,1.966423327209607,74.0,V,FI,1
192,192,0.9107859310570839,105.0,VI,MT,0
193,193,1.8521283217424231,74.0,X,O,0
194,194,7.065583590535405,,IV,T,1
195,195,3.1849420266324153,-39.0,X,Z,1
196,196,2.4820696078737274,52.0,I,Z,1
197,197,1.6574932221948326,-35.0,IV,FI,0
198,198,5.223075536626461,,I,Z,0
199,199,7.0284142534292355,,IV,FI,0
200,200,0.6386078077321725,90.0,V,MT,0
201,201,0.45186782788698726,60.0,V,MO,0
202,202,1.269236070520979,101.0,IV,O,0
203,203,0.6426676982828385,88.0,VII,O,1
204,204,7.111213056712924,,VI,F,0
205,205,2.7850668553904123,7.0,V,FI,1
206,206,1.4051014078606254,-31.0,VI,TH,0
207,207,2.1651607433744338,-48.0,IV,FI,0
208,208,2.0615058622165345,63.0,IV,FI,1
209,209,2.7478183039211537,1.0,V,MT,0
210,210,0.4619298015527444,53.0,VII,MT,0
211,211,3.7154282360463107,-38.0,II,TH,0
212,212,2.8065723438703705,9.0,IV,O,0
213,213,3.393268531229517,-38.0,VII,T,0
214,214,2.0271195790468886,-49.0,X,O,1
215,215,1.3638783006396793,-27.0,VI,F,0
216,216,4.150379503943418,,VII,Z,0
217,217,1.3029470089679736,-14.0,X,O,1
218,218,0.9685437853013401,92.0,I,T,1
219,219,0.8536541266825606,96.0,IV,FI,1
220,220,0.758733918268438,90.0,,MT,0
221,221,0.7101458064733255,96.0,IV,O,0
222,222,5.827448093765124,,IV,MO,1
223,223,0.565455795643511,93.0,I,Z,1
224,224,5.836673066637941,,IV,O,1
225,225,0.5600058933101585,86.0,,MT,0
226,226,0.375516399889836,39.0,V,FI,1
227,227,4.2846885591897825,,VI,TH,0
228,228,1.3029852231378718,-8.0,IV,T,1
229,229,6.802972328119552,,IV,FI,0
230,230,1.6720288926837286,95.0,IX,MO,0
231,231,2.2928625645428826,-40.0,X,Z,1
232,232,1.0081131556036502,4.0,VII,MT,1
233,233,1.9996652647132926,82.0,VII,O,1
234,234,0.5503574091281735,73.0,IX,MT,0
235,235,2.2309914801835973,36.0,I,O,1
236,236,1.122876131508414,5.0,IV,Z,1
237,237,1.7295529353117953,-31.0,V,MO,1
238,238,1.6825802152044242,83.0,I,T,1
239,239,7.020289332814426,,IV,Z,1
240,240,7.29126060426438,,IV,Z,1
241,241,3.790389407286542,-43.0,IV,FI,0
242,242,2.4275526678950814,41.0,X,O,0
243,243,1.7066944852132289,88.0,IX,MO,0
244,244,7.136920779821667,,IV,O,1
245,245,4.740435682339075,,VII,MT,1
246,246,0.40263828115996225,58.0,VI,TH,1
247,247,1.5060116019793828,-28.0,III,FI,0
248,248,0.3946926039210604,29.0,IV,FI,1
249,249,1.1234956088639496,-1.0,I,O,0
250,250,1.8154020460101203,-42.0,II,TH,0
251,251,0.5574629945682984,85.0,I,Z,1
252,252,4.094463733439567,,VII,O,0
253,253,1.0488427602601444,19.0,V,FI,0
254,254,2.171390709442715,61.0,IV,Z,0
255,255,1.764396991886352,-45.0,IX,MO,1
256,256,2.5410421526210594,40.0,I,T,1
257,257,7.005587564662766,,I,Z,0
258,258,2.0973135689203537,67.0,VI,F,1
259,259,1.5763955423133034,92.0,X,Z,0
260,260,0.41889907005100113,57.0,III,F,1
261,261,1.5137739924820481,87.0,V,F,1
262,262,1.4136922773854317,93.0,IV,Z,0
263,263,0.46961726402561693,63.0,X,Z,0
264,264,1.261232744319544,3.0,II,TH,0
265,265,2.0956205347633614,-54.0,VII,T,0
266,266,3.09518705902485,-48.0,VII,Z,0
267,267,1.7336041316970876,-45.0,VII,Z,0
268,268,2.3948675073803765,65.0,I,O,1
269,269,0.7394515105362925,97.0,III,FI,1
270,270,2.6654506415257773,-43.0,IX,MO,1
271,271,6.943320142643482,,,MT,1
272,272,5.853699195908169,,V,FI,0
273,273,1.6491589925915817,-27.0,I,T,0
274,274,2.595618177326379,37.0,V,MT,0
275,275,0.4762133009863711,58.0,IV,FI,1
276,276,6.82128508989894,,VII,MT,1
277,277,1.1008511526959013,96.0,I,O,1
278,278,0.555369680235991,78.0,VI,F,1
279,279,0.5669022510780763,89.0,IX,MT,0
280,280,1.109216476675126,42.0,VI,MT,1
281,281,4.416005126504341,,VI,TH,0
282,282,1.7040826634669435,-40.0,VII,Z,0
283,283,6.855102954953725,,IV,FI,0
284,284,3.75520235586113,-45.0,II,TH,0
285,285,1.0447782775942944,95.0,VII,MT,0
286,286,4.296818454905941,,III,FI,0
287,287,1.3766018235337545,104.0,I,Z,1
288,288,2.6843675675993697,-52.0,IV,FI,0
289,289,1.4068423920678013,93.0,VII,Z,1
290,290,6.686160472802656,,IV,FI,0
291,291,0.4910631638639589,85.0,,MT,0
292,292,1.6242373357980255,82.0,IV,FI,1
293,293,0.7694099313507943,92.0,IV,FI,1
294,294,2.3126784328608645,-48.0,,MT,1
295,295,2.8560649159149314,41.0,IV,O,0
296,296,1.6062552212501333,-28.0,IV,O,1
297,297,5.720510800255038,,X,T,1
298,298,2.1782528630733897,-55.0,I,T,0
299,299,1.0901997825878549,106.0,V,MO,0
300,300,2.6523251436188096,-52.0,X,O,1
301,301,4.482839529392574,,VI,TH,0
302,302,1.8154615045885354,82.0,V,F,1
303,303,1.186137346878407,10.0,,MT,1
304,304,2.5461078567359157,23.0,VII,O,1
305,305,4.8325372579437085,,IV,FI,0
306,306,1.1349094585877448,100.0,VI,MT,0
307,307,1.5732971690839999,82.0,I,Z,1
308,308,4.004575294154257,,VII,O,0
309,309,3.2975265845124375,-48.0,III,F,0
310,310,1.6321497914635024,-38.0,IV,FI,0
311,311,3.373710205019233,-46.0,V,MO,1
312,312,6.8955797003492485,,X,Z,1
313,313,1.8714999357157711,-44.0,VII,Z,0
314,314,2.9399490520359266,-56.0,I,O,0
315,315,1.1911845418174456,-7.0,X,O,1
316,316,0.4428685452622689,79.0,VI,MT,0
317,317,0.6985097133661152,102.0,I,O,1
318,318,0.42884027152700577,49.0,X,Z,0
319,319,0.7123820485491814,85.0,X,Z,0
320,320,2.8353012051289754,5.0,X,Z,0
321,321,2.4209916496531285,57.0,III,FI,1
322,322,1.113325237177834,26.0,VII,O,0
323,323,0.619292840603164,84.0,X,T,0
324,324,6.565652415301453,,I,O,0
325,325,3.3683157427027295,-47.0,I,O,0
326,326,1.6821803574623044,-38.0,,MT,1
327,327,0.38287713865731254,22.0,VI,MT,0
328,328,7.323717729400685,,VI,TH,0
329,329,4.602302961214687,,II,TH,0
330,330,0.6334157597012302,93.0,VI,TH,1
331,331,1.294622268059785,-7.0,IX,MT,1
332,332,1.5543638800508957,96.0,IV,Z,0
333,333,1.829036281347993,76.0,VII,T,1
334,334,1.959929528096825,70.0,IV,Z,0
335,335,1.1959454468416548,8.0,IX,MO,1
336,336,5.782388391488645,,VI,MT,1
337,337,0.3634304233458759,16.0,I,Z,1
338,338,3.6337379738559386,-42.0,VII,O,0
339,339,2.48649663532279,40.0,IV,Z,0
340,340,7.197387034850477,,I,T,0
341,341,1.4488837180827554,-41.0,IV,FI,0
342,342,0.42672598770633846,44.0,IX,MO,0
343,343,0.36857075138462386,13.0,III,F,1
344,344,1.7239532463585459,-38.0,V,F,0
345,345,2.88813732112273,-48.0,IV,FI,0
346,346,2.786492791829878,17.0,I,Z,1
347,347,0.4315727096355998,37.0,I,T,1
348,348,2.3197285457601273,50.0,IV,T,0
349,349,1.0252327771415164,13.0,IV,FI,0
350,350,1.2902590309577378,-5.0,II,TH,0
351,351,1.2627538064210164,95.0,IV,FI,1
352,352,2.004743220321217,69.0,IV,T,0
353,353,2.321344492522059,51.0,II,TH,1
354,354,0.48015659265286614,71.0,IV,Z,0
355,355,6.377905556532394,,II,TH,0
356,356,0.3820789350705718,39.0,IX,MO,0
357,357,0.38742966212155655,54.0,IV,FI,1
358,358,6.41900545325826,,VI,TH,0
359,359,1.4829288959138274,-26.0,VII,O,0
360,360,0.4784880941316565,80.0,IV,FI,1
361,361,1.7963940779423286,-37.0,IX,MO,1
362,362,0.5712003640063642,75.0,III,F,1
363,363,6.327006358541072,,III,F,0
364,364,0.665631990780403,91.0,V,MO,0
365,365,0.8932187230013227,95.0,X,Z,0
366,366,2.1451517277318217,72.0,IV,Z,0
367,367,1.8412563304097131,-37.0,X,O,1
368,368,5.717737995568304,,V,FI,0
369,369,1.3906661604201538,-21.0,IV,FI,0
370,370,2.139166044755688,70.0,I,Z,1
371,371,2.57532724172512,27.0,V,F,1
372,372,7.385577415460109,,V,MT,1
373,373,1.9959520731134808,-43.0,X,Z,1
374,374,3.3672374664197644,-47.0,III,FI,0
375,375,0.3813554123656219,46.0,VII,O,1
376,376,2.3208505326034583,49.0,V,MT,0
377,377,2.655940097577274,15.0,V,MO,0
378,378,2.758534100357806,9.0,IX,MT,0
379,379,0.39795449395096144,47.0,V,MO,0
380,380,3.013176693088382,-48.0,X,T,1
381,381,5.363217844716595,,X,Z,1
382,382,5.5975879588781785,,IV,FI,0
383,383,2.679823385669183,14.0,IV,Z,0
384,384,2.1099288465018153,-46.0,IX,MO,1
385,385,0.7304399572216419,87.0,II,TH,1
386,386,0.8030090221960894,104.0,X,Z,0
387,387,2.453292225272194,27.0,V,MT,0
388,388,5.427468322849958,,VII,Z,0
389,389,1.4826437108971702,93.0,,MT,0
390,390,7.263914184781374,,I,T,0
391,391,2.790887618901658,-52.0,II,F,0
392,392,0.6456834855437573,86.0,X,T,0
393,393,2.7434089082436848,31.0,X,MO,0
394,394,4.751020350992957,,VII,O,0
395,395,7.3629598473498055,,IV,FI,0
396,396,1.9016247218758697,64.0,IV,Z,0
397,397,2.4609030318570815,36.0,V,FI,1
398,398,1.2923118392339645,-17.0,,MT,1
399,399,2.8725529580162883,-49.0,VI,MT,1
400,400,1.758445369567861,78.0,V,MO,0
401,401,2.122212012737774,61.0,IV,FI,1
402,402,7.772213370973963,,VII,T,0
403,403,2.585173425101563,29.0,I,O,1
404,404,2.053386151061199,-52.0,,MT,1
405,405,1.9245830577468355,-44.0,,MT,1
406,406,6.489012094833913,,X,MO,1
407,407,1.9293464956766662,-43.0,VII,T,0
408,408,1.7568144169024735,80.0,I,T,1
409,409,0.9876274160534689,25.0,VII,O,0
410,410,0.40243888041467085,46.0,IV,O,0
411,411,2.716712741599988,9.0,X,Z,0
412,412,5.020827141219335,,IV,FI,0
413,413,2.0441423231249973,-35.0,I,Z,0
414,414,0.46202107873122983,56.0,I,Z,1
415,415,3.898595221799547,-42.0,V,MT,1
416,416,0.7510280139470189,83.0,X,Z,0
417,417,2.8745289306723594,-53.0,IV,O,1
418,418,1.332079395632038,-24.0,IV,Z,1
419,419,5.798177162678002,,V,MO,1
420,420,7.095390818789194,,X,T,1
421,421,3.6942286571592073,-46.0,V,MO,1
422,422,1.4537896840522475,88.0,VII,MT,0
423,423,1.7257581062664156,-40.0,III,F,0
424,424,1.708631024178017,-39.0,IV,Z,1
425,425,3.7057296410720375,-47.0,II,F,0
426,426,0.716689626536633,95.0,V,F,1
427,427,2.037430022981288,-47.0,II,TH,0
428,428,1.602104555527301,88.0,IV,FI,1
429,429,4.240927149979539,,IV,Z,1
430,430,2.207520724627214,-45.0,VI,TH,0
431,431,4.834980922246616,,IV,FI,0
432,432,1.6485849320625383,-37.0,VI,TH,0
433,433,0.486063703740711,72.0,X,MO,0
434,434,2.659325983830352,10.0,VII,MT,0
435,435,2.640988972591524,-45.0,V,MT,1
436,436,1.5433852993187536,90.0,IV,T,0
437,437,8.258311321974729,,IV,Z,1
438,438,0.8903600275111205,99.0,,MT,0
439,439,2.7702232498987858,-48.0,IV,Z,1
440,440,5.755174510774922,,X,Z,1
441,441,7.0866425122708465,,X,O,1
442,442,3.6245908975762275,-51.0,IX,MO,1
443,443,4.030305014769113,,V,F,0
444,444,7.716110057499627,,VI,MT,1
445,445,0.9883192703935902,99.0,VI,MT,0
446,446,1.4540101808826495,-30.0,IV,O,1
447,447,0.3497389925148318,26.0,VII,T,1
448,448,3.539817870116305,-43.0,IV,Z,1
449,449,3.825336417122,-51.0,X,Z,1
450,450,4.698314290998825,,VII,O,0
451,451,1.8077039084096778,89.0,IV,FI,1
452,452,1.0413265497028363,102.0,VII,T,1
453,453,5.77322980512575,,I,O,0
454,454,2.844816016067342,-40.0,X,Z,1
455,455,4.023671317202214,,VII,O,0
456,456,1.1103031477566063,9.0,,MT,1
457,457,6.385349069528471,,IV,O,1
458,458,2.053914627632989,-33.0,V,FI,0
459,459,6.675541754967113,,,MT,1
460,460,2.1178463765570323,69.0,IV,FI,1
461,461,2.4556875241370313,39.0,,MT,0
462,462,0.6339752949319303,91.0,I,Z,1
463,463,7.212013313537597,,VI,MT,1
464,464,1.6545091212901972,-40.0,VII,T,0
465,465,6.598276524651896,,IV,FI,0
466,466,3.9813929868305076,-45.0,IV,T,1
467,467,4.205164189035476,,I,T,0
468,468,1.8051243332363889,-41.0,IV,FI,0
469,469,3.63043770806938,-45.0,,MT,1
470,470,0.7412985498283543,91.0,III,FI,1
471,471,1.0270286069065975,38.0,IV,T,1
472,472,0.42111519291441796,40.0,IX,MT,0
473,473,1.7623925509443188,84.0,IV,O,0
474,474,6.634455988693101,,IV,FI,0
475,475,1.5498417383798853,-30.0,VI,MT,1
476,476,1.5379913031498726,86.0,,MT,0
477,477,1.0439049417276844,20.0,II,T,0
478,478,2.368027582024496,54.0,III,FI,1
479,479,0.4028093084793167,28.0,IV,Z,0
480,480,0.3376925361211837,29.0,II,TH,1
481,481,1.0173447730782104,38.0,VI,F,0
482,482,0.812116022141611,103.0,X,Z,0
483,483,7.2065741997613735,,,MT,1
484,484,1.3606758998841326,-19.0,IV,O,1
485,485,1.1491437833437292,95.0,II,TH,1
486,486,2.37957787782023,45.0,I,O,1
487,487,1.6610278879270504,79.0,I,Z,1
488,488,2.1070990648777697,-40.0,IV,Z,1
489,489,7.871014073799618,,VII,MT,1
490,490,0.39343826768821943,8.0,IV,Z,0
491,491,1.5724962001011702,-41.0,VI,MT,1
492,492,7.057761660902388,,VI,MT,1
493,493,1.6496288071778065,-38.0,II,T,0
494,494,5.2792598679384675,,VII,Z,0
495,495,4.840093277453465,,III,FI,0
496,496,1.4401114015100727,-29.0,VII,T,0
497,497,1.5190186358309015,-19.0,IV,Z,1
498,498,2.733513056192856,4.0,VII,O,1
499,499,4.263533286530297,,VI,MT,1
500,500,1.5666674675672567,-34.0,IV,O,1
501,501,0.624591364455314,95.0,IV,Z,0
502,502,6.026310461536566,,IV,Z,1
503,503,0.3556862264263116,43.0,VII,O,1
504,504,2.459222906145121,55.0,X,Z,0
505,505,2.477831257692969,6.0,IV,Z,0
506,506,1.177309231709358,102.0,X,O,0
507,507,0.4848241883092379,77.0,III,F,1
508,508,1.548740113784161,82.0,IX,MO,0
509,509,0.5913201148363361,95.0,VII,O,1
510,510,1.8067048559681826,-47.0,V,MO,1
511,511,0.7293404818045133,101.0,IV,FI,1
512,512,1.1547611722073778,10.0,VI,F,0
513,513,2.520439745582278,40.0,IV,FI,1
514,514,1.1298563351036952,12.0,I,T,0
515,515,1.5108383592978618,-41.0,X,Z,1
516,516,2.1129387676462206,-46.0,V,F,0
517,517,3.1340320517568774,-55.0,VII,Z,0
518,518,5.523499039153315,,VI,MT,1
519,519,0.4195980762275789,35.0,II,F,1
520,520,1.1174587208301756,6.0,X,T,1
521,521,1.9827929391697292,63.0,X,T,0
522,522,2.194334870862549,-49.0,IV,FI,0
523,523,2.4774497994307847,-54.0,II,F,0
524,524,1.278774054838402,-13.0,IX,MO,1
525,525,0.3539042328654854,7.0,IV,FI,1
526,526,1.8006799800448174,82.0,X,MO,0
527,527,0.40389566835807517,29.0,III,F,1
528,528,3.1786694071914914,-43.0,V,MO,1
529,529,0.5620024509633399,85.0,IV,T,0
530,530,2.7278068140161627,12.0,II,TH,1
531,531,1.4932351575924523,95.0,X,Z,0
532,532,2.232492368860279,63.0,IV,FI,1
533,533,0.5048249780694013,84.0,X,Z,0
534,534,0.37251745288346405,23.0,III,F,1
535,535,0.9038897620530467,102.0,VI,MT,0
536,536,1.032800288762562,102.0,V,F,1
537,537,0.9862226601365482,31.0,,MT,1
538,538,1.134573399869011,23.0,VI,T,0
539,539,2.2193584615720843,70.0,V,F,1
540,540,1.1430344788734543,0.0,VII,Z,0
541,541,0.982554757649266,41.0,IV,Z,1
542,542,1.6381104109813054,-40.0,IV,T,1
543,543,3.9591793818042684,-41.0,,MT,1
544,544,1.050594773780726,101.0,IV,FI,1
545,545,0.42662511165090755,52.0,I,O,1
546,546,3.8443729497873713,-46.0,IV,FI,0
547,547,0.35640791809744554,24.0,V,MO,0
548,548,1.2105991553602822,-10.0,V,MT,1
549,549,6.279313074719675,,IV,T,1
550,550,1.3779953649696453,98.0,VII,T,1
551,551,1.2922412021375302,105.0,X,O,0
552,552,5.398261794087927,,VII,MT,1
553,553,5.765143949784622,,II,F,0
554,554,1.018695022463336,101.0,VII,T,1
555,555,2.504140775907181,46.0,VII,MT,0
556,556,0.4750003491017882,52.0,IX,MO,0
557,557,4.544845220515296,,IX,MO,1
558,558,1.1550126237681217,0.0,X,Z,1
559,559,0.9573302000341285,47.0,IV,O,1
560,560,1.178306338603755,9.0,IV,Z,1
561,561,5.202213627633285,,X,T,1
562,562,1.1994406560305344,-1.0,VII,MT,1
563,563,6.090768328662042,,IV,FI,0
564,564,0.3551333114020168,18.0,IV,FI,1
565,565,1.6363973819039463,-34.0,VI,F,0
566,566,1.2044642776764103,95.0,IV,FI,1
567,567,0.5082477201959176,75.0,I,O,1
568,568,4.866753074649146,,VII,MT,1
569,569,2.3330093181746903,62.0,I,Z,1
570,570,0.6410778611356875,86.0,VI,MT,0
571,571,4.111897178724656,,,MT,1
572,572,0.4344814342151664,58.0,X,O,0
573,573,2.264087915228572,-51.0,IV,FI,0
574,574,5.872948347357416,,X,Z,1
575,575,1.5239414144297063,88.0,VII,O,1
576,576,0.7752315398614784,99.0,I,O,1
577,577,2.958012227879161,-4.0,VII,MT,0
578,578,2.601849365999009,36.0,,MT,0
579,579,0.9902235809516604,20.0,VII,MT,1
580,580,0.3787403226752506,28.0,X,Z,0
581,581,2.4875121293004114,-49.0,III,F,0
582,582,5.481687012067311,,V,F,0
583,583,6.809204101004836,,X,O,1
584,584,2.8950075657605345,-45.0,IV,Z,1
585,585,0.3934618036398044,46.0,V,MO,0
586,586,0.3652746053461047,9.0,I,T,1
587,587,2.3883124553439163,46.0,II,TH,1
588,588,1.4547478632739081,-35.0,VII,Z,0
589,589,1.353651261459196,-22.0,X,Z,1
590,590,5.233511034439123,,VI,F,0
591,591,5.768144394941953,,VII,MT,1
592,592,0.9761233261517053,18.0,VII,MT,1
593,593,1.2482535975309847,-19.0,IV,O,1
594,594,1.0302895088872805,103.0,VII,MT,0
595,595,1.9807493158522593,-34.0,IV,FI,0
596,596,2.6378535652087853,0.0,V,MT,0
597,597,0.7013939838154419,92.0,VII,MT,0
598,598,6.948135108995992,,VII,MT,1
599,599,1.9685264329649108,75.0,IX,MO,0
600,600,1.7211751740200272,79.0,VI,MT,0
601,601,0.3739097085418695,5.0,X,MO,0
602,602,1.238177217077671,-24.0,IV,T,1
603,603,0.9887975977516772,31.0,I,O,0
604,604,0.45073919730710665,71.0,,MT,0
605,605,1.1857979660372666,8.0,X,Z,1
606,606,5.031920147873733,,X,T,1
607,607,1.5051683099964615,-28.0,IV,FI,0
608,608,5.50566033690654,,VI,TH,0
609,609,2.0965100415213387,-50.0,X,Z,1
610,610,1.1197644941047358,4.0,V,MT,1
611,611,0.37837690873837776,43.0,X,O,0
612,612,2.0946182249452927,-51.0,IV,O,1
613,613,1.079857662771123,19.0,V,MO,1
614,614,0.7197981615570588,90.0,IX,MO,0
615,615,5.783635815554326,,V,MO,1
616,616,0.5547596749167534,89.0,I,O,1
617,617,1.7705871114820735,-28.0,IV,FI,0
618,618,0.5807307621326132,81.0,IV,Z,0
619,619,1.9510012107231605,84.0,II,F,1
620,620,6.866053166518393,,V,MO,1
621,621,1.3233472555132981,92.0,III,F,1
622,622,1.4308376431450278,94.0,III,F,1
623,623,0.42007684427348996,40.0,V,MO,0
624,624,0.47777063423126087,69.0,VI,F,1
625,625,1.7787052311113791,-40.0,V,FI,0
626,626,3.128874621378379,-53.0,VII,O,0
627,627,5.768537805655201,,X,O,1
628,628,1.18077169898223,-13.0,V,MO,1
629,629,0.3942204251365874,24.0,II,TH,1
630,630,3.58199420858668,-39.0,VII,MT,1
631,631,2.014367761025263,-43.0,VII,Z,0
632,632,0.37334549196733874,6.0,X,Z,0
633,633,1.0101215746882921,97.0,I,T,1
634,634,1.026759662842578,16.0,VII,Z,0
635,635,0.9408789326527546,21.0,VI,TH,0
636,636,2.8349702394491674,-51.0,,MT,1
637,637,0.8449895054283043,93.0,X,Z,0
638,638,6.357454253749895,,IV,Z,1
639,639,1.0287050617588536,101.0,,MT,0
640,640,6.375321647434091,,,MT,1
641,641,0.5207104142786309,78.0,X,O,0
642,642,1.295386303813525,-24.0,II,TH,0
643,643,1.9367427412131288,-43.0,VI,MT,1
644,644,1.8048585605151701,-37.0,IV,MO,1
645,645,0.8384102424776535,96.0,I,O,1
646,646,1.2297513321234286,-9.0,VI,F,0
647,647,0.5992389980721234,74.0,I,T,1
648,648,0.7028567551179187,88.0,IV,O,0
649,649,3.223077230030708,-42.0,VI,MT,1
650,650,3.545846360537356,-37.0,IV,FI,0
651,651,7.5448484668499765,,I,T,0
652,652,0.43415848374985827,35.0,X,Z,0
653,653,2.7067656341777315,10.0,IV,T,0
654,654,0.5091103274507908,75.0,IX,MT,0
655,655,2.6639352756753962,-2.0,VI,TH,1
656,656,1.126054791763402,100.0,III,FI,1
657,657,5.965121064556786,,IV,FI,0
658,658,2.6947465939971926,-52.0,III,F,0
659,659,0.7950106748967742,88.0,IV,FI,1
660,660,5.916714729042705,,VII,MT,1
661,661,5.5294687681914,,,MT,1
662,662,1.2046207948058882,-3.0,VII,T,0
663,663,1.5901504834323985,-29.0,X,Z,1
664,664,0.6699889338420753,99.0,IX,MO,0
665,665,1.006833112023582,26.0,VII,O,0
666,666,2.0231772795405263,70.0,IV,FI,1
667,667,0.9451228650025001,92.0,VII,MT,0
668,668,1.2438527197806148,-11.0,,MT,1
669,669,2.889245123303156,0.0,V,FI,1
670,670,2.5523985875981356,17.0,VI,TH,1
671,671,0.8190273357558837,91.0,X,Z,0
672,672,0.39201438862318416,-2.0,IV,FI,1
673,673,1.183118668217789,-20.0,IV,FI,0
674,674,3.3171472612499944,-41.0,X,Z,1
675,675,0.9060589971739831,98.0,IX,MO,0
676,676,5.049770720461032,,V,F,0
677,677,3.3984356752862044,-39.0,IV,Z,1
678,678,1.1444066660581051,45.0,IX,MT,1
679,679,1.3323725776106672,-14.0,I,O,0
680,680,0.6331806671374051,90.0,I,Z,1
681,681,0.9499021816582801,37.0,III,F,0
682,682,1.9373843209353971,77.0,I,Z,1
683,683,2.6931968380692766,5.0,IV,T,0
684,684,7.243571130458138,,VII,MT,1
685,685,0.7022076290933058,95.0,IV,O,0
686,686,3.8168401608248073,-39.0,II,F,0
687,687,0.812235453918482,90.0,X,T,0
688,688,0.4502041355941753,76.0,IV,O,0
689,689,2.573034676751267,-44.0,V,MT,1
690,690,6.653309097557626,,II,TH,0
691,691,0.773053689275551,91.0,IV,FI,1
692,692,2.606292973303994,14.0,II,F,1
693,693,7.561008814626918,,X,O,1
694,694,0.653719586924795,85.0,II,TH,1
695,695,5.0621050242756995,,V,F,0
696,696,0.361163950708234,1.0,VII,MT,0
697,697,0.40392383291847556,33.0,V,MT,0
698,698,6.970298349044705,,IV,FI,0
699,699,3.220183823048343,-43.0,IV,Z,1
700,700,2.481258648218193,-50.0,X,Z,1
701,701,0.5057650973367772,68.0,VII,MT,0
702,702,0.8889351840292208,90.0,IV,FI,1
703,703,1.232570262744587,95.0,,MT,0
704,704,5.104118779268662,,II,F,0
705,705,0.8326819936145484,90.0,V,MO,0
706,706,2.856877839700495,-58.0,VI,F,0
707,707,0.40079019108508757,49.0,VII,MT,0
708,708,6.817757383467566,,I,T,0
709,709,1.852042226861874,89.0,VI,F,1
710,710,2.5487126119257764,44.0,VI,TH,1
711,711,1.38710716938355,-16.0,VI,TH,0
712,712,1.8533233539481817,71.0,VI,MT,0
713,713,0.3510999195966447,8.0,III,F,1
714,714,1.1537730734159135,99.0,X,Z,0
715,715,2.2057949770999072,62.0,X,Z,0
716,716,2.4419568232996784,-50.0,,MT,1
717,717,2.1976624574897614,65.0,VII,Z,1
718,718,1.1498468874903829,-4.0,X,Z,1
719,719,0.5866336287212198,90.0,II,F,1
720,720,7.2416659857425225,,III,FI,0
721,721,2.0985282178546116,-47.0,III,F,0
722,722,2.035649584965716,-41.0,X,Z,1
723,723,0.5983780090672395,94.0,VII,T,1
724,724,1.1332996620701028,-6.0,III,F,0
725,725,5.287856321233384,,IX,MT,1
726,726,4.57739160227973,,VI,T,0
727,727,0.9232525402529275,92.0,II,TH,1
728,728,0.8549229419701216,100.0,IX,MO,0
729,729,6.428904152428878,,VI,TH,0
730,730,3.7076072769256974,-46.0,I,Z,0
731,731,1.2030381537822386,-21.0,VII,T,0
732,732,0.3877957635793051,22.0,,MT,0
733,733,1.0000513644684335,101.0,V,F,1
734,734,4.7386551927156635,,IV,O,1
735,735,2.6980032381394814,-49.0,VI,TH,0
736,736,5.597230996747086,,II,TH,0
737,737,1.2417620751700018,-8.0,V,MO,1
738,738,1.1607878617794434,106.0,X,Z,0
739,739,1.5116561559303356,-26.0,X,Z,1
740,740,1.1022061573386885,92.0,IV,Z,0
741,741,2.4320786970248016,37.0,I,T,1
742,742,0.7698265035820326,90.0,IV,FI,1
743,743,0.45868833816993376,58.0,II,F,1
744,744,2.4681480606571005,50.0,IV,FI,1
745,745,0.523051237415734,80.0,X,Z,0
746,746,3.0533863039760956,24.0,VII,T,1
747,747,0.523650848368683,92.0,IV,FI,1
748,748,1.205065278079079,104.0,VII,Z,1
749,749,0.49439288202155135,73.0,IX,MO,0
750,750,1.2631977130519934,-15.0,VII,O,0
751,751,1.781498456934514,79.0,I,T,1
752,752,2.5214533107612493,25.0,IV,FI,1
753,753,2.7021409050574374,8.0,VII,MT,0
754,754,1.8997309841573016,69.0,VI,MT,0
755,755,1.0052498213243726,47.0,IV,Z,1
756,756,0.7053422281811755,94.0,,MT,0
757,757,0.8977571463935146,95.0,IV,O,0
758,758,1.086510142643157,8.0,VI,TH,0
759,759,4.406893406996455,,II,TH,0
760,760,1.992916127453153,76.0,VI,TH,1
761,761,0.6552176081313504,93.0,IX,MO,0
762,762,1.1367679685982484,0.0,X,Z,1
763,763,1.1618549656970076,-14.0,VI,F,0
764,764,1.197135745820497,95.0,V,MO,0
765,765,3.8406316009418413,-38.0,IX,MO,1
766,766,0.9905242446123976,34.0,VI,MT,1
767,767,1.1652585578675032,105.0,V,FI,1
768,768,1.3794000247768419,-27.0,IV,FI,0
769,769,1.522207909399152,90.0,IV,Z,0
770,770,4.628581783482654,,X,Z,1
771,771,0.5967614805021693,89.0,VI,F,1
772,772,1.0225825446274655,104.0,IV,Z,0
773,773,0.947199786940217,103.0,IX,MO,0
774,774,2.1776919265121912,51.0,IV,Z,0
775,775,0.3738480788746259,9.0,I,Z,1
776,776,6.557018487007625,,,MT,1
777,777,1.6626054544735853,-41.0,I,O,0
778,778,3.4278578509627193,-41.0,IV,Z,1
779,779,1.8001785912210055,82.0,II,T,1
780,780,0.687679911232142,95.0,IV,Z,0
781,781,6.77381222968892,,IV,FI,0
782,782,1.0080788576235675,17.0,I,T,0
783,783,0.8877688027576688,92.0,III,F,1
784,784,0.3515486915524889,14.0,IV,FI,1
785,785,1.7929079156191694,-37.0,V,MO,1
786,786,4.2395900627225345,,VII,Z,0
787,787,0.8644273110893262,93.0,IX,MT,0
788,788,2.5908181750730033,0.0,VI,MT,0
789,789,1.6652958311592327,86.0,VII,MT,0
790,790,1.5822371036849734,-39.0,VII,Z,0
791,791,1.2204204824585128,-5.0,X,Z,1
792,792,2.855010175704037,10.0,VI,MT,0
793,793,0.5621027521491685,86.0,I,O,1
794,794,1.048594592363954,32.0,V,FI,0
795,795,1.1410146761412148,11.0,VII,MT,1
796,796,1.101497686277862,17.0,,MT,1
797,797,0.42362841660898787,53.0,III,FI,1
798,798,6.717575419315551,,IX,MO,1
799,799,1.759180176343137,-43.0,IX,MO,1
800,800,7.054677586731618,,I,T,0
801,801,1.0805287488466446,35.0,I,T,0
802,802,1.7599312917715366,77.0,II,F,1
803,803,0.5680111810770976,80.0,V,F,1
804,804,2.5735031770236203,37.0,X,T,0
805,805,1.1672203297271802,20.0,IV,FI,0
806,806,0.578908101996524,83.0,I,Z,1
807,807,0.37213349949733193,-1.0,VII,T,1
808,808,6.588634147054635,,X,Z,1
809,809,4.779825747025673,,X,Z,1
810,810,0.36120927678723036,7.0,I,T,1
811,811,0.36388709220237264,15.0,III,FI,1
812,812,1.4919131645779724,-22.0,IX,MO,1
813,813,5.1628503246614965,,IV,Z,1
814,814,0.6077496551399545,82.0,III,F,1
815,815,2.3168282582399393,57.0,X,Z,0
816,816,4.563242533159872,,VII,MT,1
817,817,4.586282990963785,,III,F,0
818,818,6.790518415600411,,III,FI,0
819,819,1.7383575514535998,79.0,X,O,0
820,820,0.37980880929101885,6.0,IV,Z,0
821,821,2.2509216144625506,59.0,IV,Z,0
822,822,2.4379534928439432,63.0,X,Z,0
823,823,2.7095548990427556,-57.0,VI,F,0
824,824,7.216471842678438,,II,TH,0
825,825,1.1711431328589592,7.0,II,F,0
826,826,5.926554618523768,,,MT,1
827,827,1.3906800568728053,92.0,V,F,1
828,828,0.35218202834341067,15.0,V,MT,0
829,829,0.7517850064260412,101.0,I,O,1
830,830,0.4003762138623858,54.0,IV,FI,1
831,831,0.3686107911263263,15.0,IV,FI,1
832,832,2.5136912786394126,44.0,I,O,1
833,833,3.450011245321785,-42.0,X,O,1
834,834,0.3916404360276636,40.0,V,F,1
835,835,1.8725039997442592,75.0,IV,T,0
836,836,6.870925401784864,,IV,FI,0
837,837,0.5140338061792885,78.0,III,FI,1
838,838,0.9602362008261096,35.0,V,F,0
839,839,2.1787541020193077,65.0,I,Z,1
840,840,1.27448765321275,86.0,X,O,0
841,841,6.886211848837853,,X,Z,1
842,842,2.3327066084587993,-54.0,IV,Z,1
843,843,0.8687753263676969,93.0,X,Z,0
844,844,0.5033048103157599,79.0,I,O,1
845,845,3.173815991128389,-41.0,IX,MO,1
846,846,1.0823388091588284,6.0,VII,Z,0
847,847,5.619539765946543,,X,Z,1
848,848,0.7286228806617054,98.0,IV,O,0
849,849,2.491723460535504,41.0,VI,T,1
850,850,0.9218042674497492,43.0,I,O,0
851,851,0.39202075503650474,62.0,VI,TH,1
852,852,1.1166726509461942,102.0,II,TH,1
853,853,0.3913580156220062,40.0,VI,MT,0
854,854,1.5852633568682206,82.0,III,FI,1
855,855,4.482576294507472,,IV,O,1
856,856,0.5021208745452408,76.0,V,MT,0
857,857,0.9581584568828239,37.0,VII,T,0
858,858,1.1458805852423022,11.0,X,Z,1
859,859,0.47696153208110614,71.0,VII,MT,0
860,860,2.9946240551261134,-50.0,III,F,0
861,861,0.39781743821922366,38.0,I,T,1
862,862,1.9522368810152175,-33.0,IX,MT,1
863,863,4.2421935737904715,,VII,O,0
864,864,6.03430438661291,,IV,Z,1
865,865,1.9208939415974595,73.0,VI,MT,0
866,866,2.475193314104478,-41.0,IV,FI,0
867,867,2.79105347620459,18.0,IV,FI,1
868,868,2.6323736045113164,22.0,,MT,0
869,869,2.5962379071846753,7.0,IV,O,0
870,870,1.6188720631116844,84.0,IV,FI,1
871,871,2.3312277736584908,-52.0,VI,TH,0
872,872,0.3932229297482868,39.0,II,TH,1
873,873,1.4804450841646761,-29.0,X,Z,1
874,874,1.6842222264068385,-32.0,VII,MT,1
875,875,0.3979995121177726,40.0,VI,TH,1
876,876,2.175118986244168,-49.0,IV,FI,0
877,877,2.690576399426062,23.0,IX,MO,0
878,878,1.0755989791640947,23.0,,MT,1
879,879,2.7483913394317536,27.0,I,O,1
880,880,0.41302437657962005,64.0,V,MO,0
881,881,0.36562605655289226,33.0,VII,MT,0
882,882,2.3040383495786516,55.0,I,T,1
883,883,1.266279259982167,-30.0,,MT,1
884,884,0.9633898028500515,30.0,I,O,0
885,885,0.576834084153933,80.0,X,Z,0
886,886,2.343745011602211,51.0,IV,Z,0
887,887,1.077606786019685,44.0,II,TH,0
888,888,0.43260967437109443,53.0,III,F,1
889,889,0.48289123967181014,68.0,VII,T,1
890,890,4.411868012170603,,II,TH,0
891,891,1.0541984857968292,18.0,IV,FI,0
892,892,2.950476878289263,-39.0,VI,TH,0
893,893,2.9781852157382147,-44.0,VI,TH,0
894,894,0.47516024717710253,67.0,VI,F,1
895,895,0.38168169134195545,27.0,II,F,1
896,896,6.316760890065246,,VII,O,0
897,897,7.561449048154373,,II,TH,0
898,898,0.49989966650860135,66.0,X,O,0
899,899,3.816257411995913,-44.0,IV,FI,0
900,900,2.2150217491268576,-45.0,IV,FI,0
901,901,2.4912170327210243,21.0,IV,MO,0
902,902,0.6670097876308073,85.0,II,TH,1
903,903,1.08328450608218,26.0,V,F,0
904,904,6.187753177155833,,IX,MO,1
905,905,2.3786134315242617,55.0,II,TH,1
906,906,3.177210804129958,-41.0,IV,FI,0
907,907,5.72061976749468,,I,Z,0
908,908,2.7420814215027876,29.0,VII,O,1
909,909,1.6470732366822904,-51.0,IV,FI,0
910,910,1.082989374414122,93.0,VII,MT,0
911,911,2.552950980593116,33.0,VII,O,1
912,912,5.352113496022978,,II,T,0
913,913,2.652836550257979,38.0,I,Z,1
914,914,2.4740467323064848,59.0,II,TH,1
915,915,0.5483747527813381,84.0,VII,O,1
916,916,7.185456432605476,,VI,MT,1
917,917,1.827870790980579,80.0,I,Z,1
918,918,0.4472778315029705,81.0,,MT,0
919,919,3.5774323671043877,-39.0,IV,FI,0
920,920,0.7822505009473201,86.0,VI,MT,0
921,921,2.404991146214191,29.0,VII,Z,1
922,922,1.2346528409082165,0.0,X,Z,1
923,923,1.309977033213615,105.0,IV,Z,0
924,924,2.5191648555553354,34.0,III,FI,1
925,925,2.0823586166610064,-38.0,II,TH,0
926,926,1.2525345588309826,-15.0,IV,FI,0
927,927,1.2215772315580373,-7.0,IV,FI,0
928,928,1.410238901250063,-22.0,VII,MT,1
929,929,0.7265984708760392,88.0,I,Z,1
930,930,1.0828695275286941,6.0,IV,T,1
931,931,1.8410971955214521,-34.0,V,MT,1
932,932,0.9284097227867624,30.0,V,F,0
933,933,5.089551836931394,,V,MO,1
934,934,6.198917491093397,,VI,TH,0
935,935,2.6230215959882996,46.0,,MT,0
936,936,1.8334879491792981,70.0,V,MO,0
937,937,0.5525734655030163,81.0,,MT,0
938,938,1.543648881417427,93.0,VI,F,1
939,939,2.2164969990874113,57.0,II,F,1
940,940,4.178958143319993,,V,FI,0
941,941,0.9794613190057754,43.0,I,O,0
942,942,1.4107932867228954,-17.0,VII,MT,1
943,943,1.7111871463515718,-37.0,IV,FI,0
944,944,1.9211603428783444,84.0,IX,MO,0
945,945,2.2986973299621627,-51.0,IX,MO,1
946,946,0.779035729065374,90.0,,MT,0
947,947,0.37461795840270806,23.0,III,FI,1
948,948,1.6705915264162703,-39.0,IX,MT,1
949,949,1.0095655492056637,11.0,VI,T,0
950,950,1.128474648940175,-1.0,IV,O,1
951,951,1.0758214329680786,56.0,II,TH,0
952,952,0.5816147613604247,70.0,VII,Z,1
953,953,0.40644145512372165,38.0,X,Z,0
954,954,1.9666068523698492,-57.0,IX,MO,1
955,955,0.6404643276876104,82.0,V,MT,0
956,956,2.446587350879247,42.0,I,T,1
957,957,2.0690401863521566,72.0,VII,Z,1
958,958,2.5007753280609055,-49.0,VII,O,0
959,959,1.0766884157883443,-6.0,X,Z,1
960,960,1.4598257099284502,-31.0,X,T,1
961,961,2.3287563037797954,30.0,III,F,1
962,962,6.728213347596413,,IV,Z,1
963,963,0.39751992086185295,37.0,IV,FI,1
964,964,1.5197569213317481,-46.0,VII,MT,1
965,965,6.69116387198548,,IX,MO,1
966,966,6.105982345150228,,I,T,0
967,967,6.784127756710674,,,MT,1
968,968,1.858277665518372,-45.0,IV,O,1
969,969,7.54620648738526,,VI,MT,1
970,970,1.3266024766612787,-11.0,II,TH,0
971,971,0.34772671632482216,16.0,VI,MT,0
972,972,1.8535952715740518,88.0,X,T,0
973,973,1.8225275352416443,80.0,IV,FI,1
974,974,4.418937971579554,,VII,MT,1
975,975,1.6736225304631738,-44.0,I,Z,0
976,976,0.37372685036370346,31.0,IX,MO,0
977,977,1.2453553038468341,3.0,IV,O,1
978,978,1.3983055271433797,-19.0,VI,TH,0
979,979,2.079970145152109,78.0,VI,MT,0
980,980,5.024837261157281,,X,Z,1
981,981,2.669893431271037,-3.0,VII,Z,1
982,982,1.9892208243175582,74.0,X,Z,0
983,983,6.720373147047431,,I,Z,0
984,984,1.803121950396436,79.0,IV,T,0
985,985,0.8515557250269998,90.0,X,Z,0
986,986,1.2198750460692585,-28.0,X,Z,1
987,987,0.37176085021801086,16.0,,MT,0
988,988,4.1475556103694275,,II,TH,0
989,989,2.4728288836821477,44.0,X,Z,0
990,990,2.778728445724039,-49.0,IV,T,1
991,991,0.45325372053943497,61.0,V,MO,0
992,992,6.158343332119189,,IV,Z,1
993,993,0.42353155473236953,38.0,VI,MT,0
994,994,3.0726179740692205,-51.0,VI,MT,1
995,995,6.861112113219643,,IV,FI,0
996,996,6.93824880004348,,I,T,0
997,997,1.1305710312943724,97.0,X,Z,0
998,998,5.6055862025398495,,V,FI,0
999,999,0.9783461346951265,91.0,X,Z,0
1000,1000,1.4732516365171515,-23.0,X,Z,1
1001,1001,2.6091291175275013,17.0,V,FI,1
1002,1002,7.140886157254055,,I,O,0
1003,1003,1.050433005386653,18.0,,MT,1
1004,1004,1.1753511708882698,-4.0,V,F,0
1005,1005,1.6393943559434396,-41.0,VII,MT,1
1006,1006,0.4404986081965262,49.0,IX,MO,0
1007,1007,1.3171254356495328,99.0,X,O,0
1008,1008,0.8552018619940688,108.0,II,TH,1
1009,1009,1.5076050065568214,-29.0,VII,O,0
1010,1010,0.40250022194652824,40.0,X,O,0
1011,1011,3.6955991327161226,-40.0,IV,O,1
1012,1012,1.5102721827947865,87.0,IV,O,0
1013,1013,8.398501768967414,,I,Z,0
1014,1014,2.3061769755445445,44.0,IV,FI,1
1015,1015,1.120724228297245,91.0,IX,MO,0
1016,1016,1.4661492259947353,-28.0,VII,T,0
1017,1017,1.4076427901857138,88.0,,MT,0
1018,1018,0.37017549822883866,24.0,VII,MT,0
1019,1019,1.908679296723752,-45.0,VII,Z,0
1020,1020,1.4114172004926269,96.0,VI,MT,0
1021,1021,1.4238101486803407,-29.0,IV,FI,0
1022,1022,0.3809062444376533,8.0,I,O,1
1023,1023,0.5472167371578216,69.0,V,MO,0
1024,1024,1.0929646494621226,99.0,X,Z,0
